{
  "concept_canonical_001cc5a3b6": {
    "pagerank_score": 0.1426246352993566
  },
  "concept_canonical_1c2dfed0e0": {
    "pagerank_score": 0.2701008160752046
  },
  "concept_canonical_c49bedf03d": {
    "pagerank_score": 0.242366182912326
  },
  "concept_canonical_b7f0d724f4": {
    "pagerank_score": 0.20365535770450652
  },
  "concept_canonical_07566a0c0c": {
    "pagerank_score": 0.1593787080909783
  },
  "concept_canonical_a2428844d4": {
    "pagerank_score": 0.0405151224112807
  },
  "concept_canonical_1a9170ca73": {
    "pagerank_score": 0.36976900363125187
  },
  "concept_canonical_7b4e730d27": {
    "pagerank_score": 0.7335626374098357
  },
  "concept_canonical_7c63285bd7": {
    "pagerank_score": 0.0405151224112807
  },
  "concept_canonical_e9b1ab57eb": {
    "pagerank_score": 0.5093327403838359
  },
  "concept_canonical_05853d9ceb": {
    "pagerank_score": 0.15918222270390583
  },
  "concept_canonical_6e50010c7e": {
    "pagerank_score": 0.2713067016138
  },
  "concept_canonical_be03d2040c": {
    "pagerank_score": 0.0405151224112807
  },
  "concept_canonical_2d44fcd391": {
    "pagerank_score": 0.0405151224112807
  },
  "concept_canonical_d2bbf6f6d6": {
    "pagerank_score": 0.35064171203366573
  },
  "concept_canonical_b93e19d160": {
    "pagerank_score": 0.0405151224112807
  },
  "concept_canonical_a4b79d7bde": {
    "pagerank_score": 0.15793808795527373
  },
  "concept_canonical_95f4c75cda": {
    "pagerank_score": 0.15918222270390583
  },
  "concept_canonical_59b8ab7806": {
    "pagerank_score": 0.0405151224112807
  },
  "concept_canonical_fd31b49a73": {
    "pagerank_score": 0.1426246352993566
  },
  "concept_canonical_d6bf55ac77": {
    "pagerank_score": 0.0405151224112807
  },
  "concept_canonical_a010b1cda2": {
    "pagerank_score": 0.15872157977117615
  },
  "concept_canonical_a0737caf52": {
    "pagerank_score": 0.2701008160752046
  },
  "concept_canonical_80bdd6fae2": {
    "pagerank_score": 0.18955992011674352
  },
  "concept_canonical_e2045c1ad4": {
    "pagerank_score": 0.2701008160752046
  },
  "concept_canonical_9b17119d5c": {
    "pagerank_score": 0.38936571384436397
  },
  "concept_canonical_232de949a1": {
    "pagerank_score": 0.2701008160752046
  },
  "concept_canonical_1aad24a64e": {
    "pagerank_score": 0.15918222270390583
  },
  "concept_canonical_148f7d537c": {
    "pagerank_score": 0.1506967838258449
  },
  "concept_canonical_949a13c779": {
    "pagerank_score": 0.15872157977117615
  },
  "concept_canonical_1c468ac7d6": {
    "pagerank_score": 0.1503399891380188
  },
  "concept_canonical_a10543225e": {
    "pagerank_score": 0.2701008160752046
  },
  "concept_canonical_3d6e6ebdc9": {
    "pagerank_score": 0.2701008160752046
  },
  "concept_canonical_ac11222a1d": {
    "pagerank_score": 0.35064171203366573
  },
  "concept_canonical_8232ccd81b": {
    "pagerank_score": 0.26889969879545006
  },
  "concept_canonical_984a84ff2c": {
    "pagerank_score": 0.39084325487155813
  },
  "concept_canonical_a23dfd7458": {
    "pagerank_score": 0.0405151224112807
  },
  "concept_canonical_39d51a920f": {
    "pagerank_score": 0.2701008160752046
  },
  "concept_canonical_76bdac24d9": {
    "pagerank_score": 0.7261322892789586
  },
  "concept_canonical_5db53ba320": {
    "pagerank_score": 0.18955992011674352
  },
  "concept_canonical_9accec944d": {
    "pagerank_score": 0.2701008160752046
  },
  "concept_canonical_1703f91c5c": {
    "pagerank_score": 0.2701008160752046
  },
  "concept_canonical_b58dd490bc": {
    "pagerank_score": 0.1612939687273419
  },
  "concept_canonical_9d72f94109": {
    "pagerank_score": 0.36976900363125187
  },
  "concept_canonical_263c7bdd2c": {
    "pagerank_score": 0.27681927107111204
  },
  "concept_canonical_3c9ed2d9cf": {
    "pagerank_score": 0.14656506289826554
  },
  "concept_canonical_7968236123": {
    "pagerank_score": 0.13632479630633976
  },
  "concept_canonical_2190aed40d": {
    "pagerank_score": 0.0405151224112807
  },
  "concept_canonical_a79173920c": {
    "pagerank_score": 0.20365535770450652
  },
  "concept_canonical_7cdebf57f3": {
    "pagerank_score": 0.0405151224112807
  },
  "concept_canonical_ba164fc278": {
    "pagerank_score": 0.1426246352993566
  },
  "concept_canonical_2ebd6981e5": {
    "pagerank_score": 0.0405151224112807
  },
  "concept_canonical_6e837d7376": {
    "pagerank_score": 0.18955992011674352
  },
  "concept_canonical_f7de2ad058": {
    "pagerank_score": 0.1593787080909783
  },
  "concept_canonical_3eea9b2c2d": {
    "pagerank_score": 0.3098758995007077
  },
  "concept_canonical_93bc27114d": {
    "pagerank_score": 1.0
  },
  "concept_canonical_b283b85936": {
    "pagerank_score": 0.0405151224112807
  },
  "concept_canonical_9a9e51d7c4": {
    "pagerank_score": 0.2615851448730816
  },
  "concept_canonical_596a39dec6": {
    "pagerank_score": 0.20365535770450652
  },
  "concept_canonical_c6ca9d145e": {
    "pagerank_score": 0.2701008160752046
  },
  "concept_canonical_a9e3040305": {
    "pagerank_score": 0.18955992011674352
  },
  "concept_canonical_4553107a34": {
    "pagerank_score": 0.13979000831041363
  },
  "concept_canonical_080557bc76": {
    "pagerank_score": 0.2701008160752046
  },
  "concept_canonical_fa5a50d66e": {
    "pagerank_score": 0.36268023894049806
  },
  "concept_canonical_f651307c3a": {
    "pagerank_score": 0.2739487794395721
  },
  "concept_canonical_4cbf89f4d2": {
    "pagerank_score": 0.1503399891380188
  },
  "concept_canonical_980b8c8486": {
    "pagerank_score": 0.13979000831041363
  },
  "concept_canonical_d8b8b03473": {
    "pagerank_score": 0.0405151224112807
  },
  "concept_canonical_364e8702df": {
    "pagerank_score": 0.1426246352993566
  },
  "concept_canonical_ff251987d9": {
    "pagerank_score": 0.0405151224112807
  },
  "concept_canonical_1f41df54c0": {
    "pagerank_score": 0.43694940093029505
  },
  "concept_canonical_221c3eff38": {
    "pagerank_score": 0.0405151224112807
  },
  "concept_canonical_b7e23f4ab7": {
    "pagerank_score": 0.43550917283463836
  },
  "concept_canonical_697faa3db2": {
    "pagerank_score": 0.2701008160752046
  },
  "concept_canonical_7a00552790": {
    "pagerank_score": 0.6116720149500551
  },
  "concept_canonical_2dc9b4e036": {
    "pagerank_score": 0.2638040357613166
  },
  "concept_canonical_6fd1f8c3d0": {
    "pagerank_score": 0.5945455048614072
  },
  "concept_canonical_7a22415931": {
    "pagerank_score": 0.1683878067651177
  },
  "concept_canonical_e40ae18da5": {
    "pagerank_score": 0.2701008160752046
  },
  "concept_canonical_7b7d7178a0": {
    "pagerank_score": 0.35064171203366573
  },
  "concept_canonical_36c234e3b7": {
    "pagerank_score": 0.0405151224112807
  },
  "concept_canonical_3d1dec1fa5": {
    "pagerank_score": 0.20365535770450652
  },
  "concept_canonical_327fb52aee": {
    "pagerank_score": 0.2701008160752046
  },
  "concept_canonical_e664420587": {
    "pagerank_score": 0.3596369820001418
  },
  "concept_canonical_61b8f6a067": {
    "pagerank_score": 0.15083591830604515
  },
  "concept_canonical_e7a40e826f": {
    "pagerank_score": 0.14135648566677939
  },
  "concept_canonical_a089b43dbd": {
    "pagerank_score": 0.20365535770450652
  },
  "concept_canonical_b4d679e04b": {
    "pagerank_score": 0.1503399891380188
  },
  "concept_canonical_88aa168f39": {
    "pagerank_score": 0.2701008160752046
  },
  "concept_canonical_41a4eab168": {
    "pagerank_score": 0.5202807522092848
  },
  "concept_canonical_dfeb1acaaa": {
    "pagerank_score": 0.0405151224112807
  },
  "concept_canonical_4a18312b5b": {
    "pagerank_score": 0.4066382015305668
  },
  "concept_canonical_5d60c89255": {
    "pagerank_score": 0.3909419287509412
  },
  "concept_canonical_2df7b57c77": {
    "pagerank_score": 0.13632479630633976
  },
  "concept_canonical_024f77522a": {
    "pagerank_score": 0.0405151224112807
  },
  "concept_canonical_9af02a94d8": {
    "pagerank_score": 0.2701008160752046
  },
  "concept_canonical_d52cddc9ff": {
    "pagerank_score": 0.2701008160752046
  },